title,price_pln,brand,model,year,mileage_km,fuel,transmission,image_url
Ford focus se 165 KM,29900,,Focus,2016,76000,Benzyna,Automatyczna,https://ireland.apollo.olxcdn.com:443/v1/files/2ds7lupc73lr1-PL/image;s=765x1020
Ford focus se 165 KM,29900,,Focus,2016,76000,Benzyna,Automatyczna,https://ireland.apollo.olxcdn.com:443/v1/files/2ds7lupc73lr1-PL/image;s=765x1020
Alfa Romeo Stelvio Salon Polska Jeden właściciel,119900,,Stelvio,2021,93000,Benzyna,Automatyczna,https://ireland.apollo.olxcdn.com:443/v1/files/prphyrjx6oop-PL/image;s=750x1000
Alfa Romeo Stelvio Salon Polska Jeden właściciel,119900,,Stelvio,2021,93000,Benzyna,Automatyczna,https://ireland.apollo.olxcdn.com:443/v1/files/prphyrjx6oop-PL/image;s=750x1000
"Volvo XC60 3,2 benzyna 2013",45000,,60,2013,200000,Benzyna,Automatyczna,https://ireland.apollo.olxcdn.com:443/v1/files/m8qvwzeuzso83-PL/image;s=1126x2000
"Volvo XC60 3,2 benzyna 2013",45000,,60,2013,200000,Benzyna,Automatyczna,https://ireland.apollo.olxcdn.com:443/v1/files/m8qvwzeuzso83-PL/image;s=1126x2000
Skoda Octavia VRS 2.0 Diesel Avtomat Nowy samochód!,60000,,Octavia,2011,5000,Diesel,Automatyczna,https://ireland.apollo.olxcdn.com:443/v1/files/0833vlxc0wqv3-PL/image;s=1500x2000
Skoda Octavia VRS 2.0 Diesel Avtomat Nowy samochód!,60000,,Octavia,2011,5000,Diesel,Automatyczna,https://ireland.apollo.olxcdn.com:443/v1/files/0833vlxc0wqv3-PL/image;s=1500x2000
BMW f30 318d 2.0 diesel cena do negocjacji,52500,,3,2016,190000,Diesel,Manualna,https://ireland.apollo.olxcdn.com:443/v1/files/yf94u5mktwia-PL/image;s=1600x900
BMW f30 318d 2.0 diesel cena do negocjacji,52500,,3,2016,190000,Diesel,Manualna,https://ireland.apollo.olxcdn.com:443/v1/files/yf94u5mktwia-PL/image;s=1600x900
Sprzedam Mercedes,27000,,Klasa,2009,286000,Diesel,Automatyczna,https://ireland.apollo.olxcdn.com:443/v1/files/a04oilfhi2xy1-PL/image;s=1000x750
Sprzedam Mercedes,27000,,Klasa,2009,286000,Diesel,Automatyczna,https://ireland.apollo.olxcdn.com:443/v1/files/a04oilfhi2xy1-PL/image;s=1000x750
Toyota Corolla kombi GR Sport wynajem bez BIK/KRD z wykupem.,140000,,Corolla,2024,20000,CNG i Hybryda,Automatyczna,https://ireland.apollo.olxcdn.com:443/v1/files/3lxx1ca775f9-PL/image;s=1536x2048
Toyota Corolla kombi GR Sport wynajem bez BIK/KRD z wykupem.,140000,,Corolla,2024,20000,CNG i Hybryda,Automatyczna,https://ireland.apollo.olxcdn.com:443/v1/files/3lxx1ca775f9-PL/image;s=1536x2048
Nissan Navara 3.0 Automatik Platinium 190 tys km,45000,,Navara,2013,190000,Diesel,Automatyczna,https://ireland.apollo.olxcdn.com:443/v1/files/hl8wjeh0dm3v-PL/image;s=1000x750
Nissan Navara 3.0 Automatik Platinium 190 tys km,45000,,Navara,2013,190000,Diesel,Automatyczna,https://ireland.apollo.olxcdn.com:443/v1/files/hl8wjeh0dm3v-PL/image;s=1000x750
Renault Kangoo 1.5DCi Navi R-link zadnany 3-osobowy,19600,,Kangoo,2015,21000,Diesel,Manualna,https://ireland.apollo.olxcdn.com:443/v1/files/mp3x43uigjty2-PL/image;s=1000x801
Renault Kangoo 1.5DCi Navi R-link zadnany 3-osobowy,19600,,Kangoo,2015,21000,Diesel,Manualna,https://ireland.apollo.olxcdn.com:443/v1/files/mp3x43uigjty2-PL/image;s=1000x801
Volkswagen T5 Transporter Caravela 9 osób klima el szyby,10500,,Caravelle,2006,320000,Diesel,Manualna,https://ireland.apollo.olxcdn.com:443/v1/files/trqtsf19bka83-PL/image;s=1200x1600
Volkswagen T5 Transporter Caravela 9 osób klima el szyby,10500,,Caravelle,2006,320000,Diesel,Manualna,https://ireland.apollo.olxcdn.com:443/v1/files/trqtsf19bka83-PL/image;s=1200x1600
Volkswagen touran lift 1.9TDI,16900,,Touran,2007,288000,Diesel,Manualna,https://ireland.apollo.olxcdn.com:443/v1/files/vxitu16dqbdq3-PL/image;s=563x1000
Volkswagen touran lift 1.9TDI,16900,,Touran,2007,288000,Diesel,Manualna,https://ireland.apollo.olxcdn.com:443/v1/files/vxitu16dqbdq3-PL/image;s=563x1000
Buick Electra  1969,43000,,,1969,88888,Benzyna,Automatyczna,https://ireland.apollo.olxcdn.com:443/v1/files/vo76uzgqngin-PL/image;s=2000x934
Buick Electra  1969,43000,,,1969,88888,Benzyna,Automatyczna,https://ireland.apollo.olxcdn.com:443/v1/files/vo76uzgqngin-PL/image;s=2000x934
Vw Passat B5 Lift 1.8 Turbo! 150 koni! Climatronic! Xenon! Zamiana,7999,,Passat,2003,360452,LPG,Manualna,https://ireland.apollo.olxcdn.com:443/v1/files/6xjsep9th7ph3-PL/image;s=4080x3072
Vw Passat B5 Lift 1.8 Turbo! 150 koni! Climatronic! Xenon! Zamiana,7999,,Passat,2003,360452,LPG,Manualna,https://ireland.apollo.olxcdn.com:443/v1/files/6xjsep9th7ph3-PL/image;s=4080x3072
Ford Taurus Benzyna+LPG tylko 130 tys km w jednych rękach wiele lat!,49000,,Taurus,2015,130000,LPG,Automatyczna,https://ireland.apollo.olxcdn.com:443/v1/files/f1aai27euymf1-PL/image;s=2048x1536
Ford Taurus Benzyna+LPG tylko 130 tys km w jednych rękach wiele lat!,49000,,Taurus,2015,130000,LPG,Automatyczna,https://ireland.apollo.olxcdn.com:443/v1/files/f1aai27euymf1-PL/image;s=2048x1536
Mercedes-Benz E250 CDI AVANGARDE OKAZJA!!!,16900,,Klasa,2009,261000,Diesel,Automatyczna,https://ireland.apollo.olxcdn.com:443/v1/files/06lvewx7tfh12-PL/image;s=463x1000
Mercedes-Benz E250 CDI AVANGARDE OKAZJA!!!,16900,,Klasa,2009,261000,Diesel,Automatyczna,https://ireland.apollo.olxcdn.com:443/v1/files/06lvewx7tfh12-PL/image;s=463x1000
Volkswagen Golf VII 2.0 TDI DSG Highline,48000,,Golf,2014,156000,Diesel,Automatyczna,https://ireland.apollo.olxcdn.com:443/v1/files/ewlsfecxsfso-PL/image;s=750x1000
Volkswagen Golf VII 2.0 TDI DSG Highline,48000,,Golf,2014,156000,Diesel,Automatyczna,https://ireland.apollo.olxcdn.com:443/v1/files/ewlsfecxsfso-PL/image;s=750x1000
Ford Mondeo 2.0 HDi,18900,,Mondeo,2011,280000,Diesel,Automatyczna,https://ireland.apollo.olxcdn.com:443/v1/files/1ykwcibvefs63-PL/image;s=1044x964
Ford Mondeo 2.0 HDi,18900,,Mondeo,2011,280000,Diesel,Automatyczna,https://ireland.apollo.olxcdn.com:443/v1/files/1ykwcibvefs63-PL/image;s=1044x964
Mercedes Viano 3.0 CDI | Automat | 6 miejsc | Webasto | 2009 | CarPlay,34900,,Viano,2009,400,Diesel,Automatyczna,https://ireland.apollo.olxcdn.com:443/v1/files/vm90bp62lhcr2-PL/image;s=1000x750
Mercedes Viano 3.0 CDI | Automat | 6 miejsc | Webasto | 2009 | CarPlay,34900,,Viano,2009,400,Diesel,Automatyczna,https://ireland.apollo.olxcdn.com:443/v1/files/vm90bp62lhcr2-PL/image;s=1000x750
Audi A6 C7 3.0 Tdi Quattro Avant 2015r. S-line Uszkodzony Silnik,45000,,A6,2015,150800,Diesel,Automatyczna,https://ireland.apollo.olxcdn.com:443/v1/files/jcc948u3ud59-PL/image;s=1090x670
Audi A6 C7 3.0 Tdi Quattro Avant 2015r. S-line Uszkodzony Silnik,45000,,A6,2015,150800,Diesel,Automatyczna,https://ireland.apollo.olxcdn.com:443/v1/files/jcc948u3ud59-PL/image;s=1090x670
Ładne Porsche diese,79000,,Cayenne,2011,230000,Diesel,Automatyczna,https://ireland.apollo.olxcdn.com:443/v1/files/cqcwvwkjjtpb-PL/image;s=1000x750
Ładne Porsche diese,79000,,Cayenne,2011,230000,Diesel,Automatyczna,https://ireland.apollo.olxcdn.com:443/v1/files/cqcwvwkjjtpb-PL/image;s=1000x750
"BMW 316 E30 – zabytek, kolekcjonerski stan",48500,,3,1987,275000,Benzyna,Manualna,https://ireland.apollo.olxcdn.com:443/v1/files/977fpkm8vq6h-PL/image;s=2000x1500
"BMW 316 E30 – zabytek, kolekcjonerski stan",48500,,3,1987,275000,Benzyna,Manualna,https://ireland.apollo.olxcdn.com:443/v1/files/977fpkm8vq6h-PL/image;s=2000x1500
Audi tt 8j 2.0 tfsi 2009 r anglik do dziś cena,13900,,TT,2009,290000,Benzyna,Manualna,https://ireland.apollo.olxcdn.com:443/v1/files/tgragyu3bygw1-PL/image;s=1500x2000
Audi tt 8j 2.0 tfsi 2009 r anglik do dziś cena,13900,,TT,2009,290000,Benzyna,Manualna,https://ireland.apollo.olxcdn.com:443/v1/files/tgragyu3bygw1-PL/image;s=1500x2000
Na Sprzedaz Skoda Fabia 1.4LPG Zamiana/Nowe Sprzeglo/Zadbany/Osczedny,2990,,Fabia,2004,269000,LPG,Manualna,https://ireland.apollo.olxcdn.com:443/v1/files/3ocu9iwbtfqa-PL/image;s=750x1000
Na Sprzedaz Skoda Fabia 1.4LPG Zamiana/Nowe Sprzeglo/Zadbany/Osczedny,2990,,Fabia,2004,269000,LPG,Manualna,https://ireland.apollo.olxcdn.com:443/v1/files/3ocu9iwbtfqa-PL/image;s=750x1000
"Nissan Qashqai 1.2 DIG-T (2014) zadbany, od osoby prywatnej, OKAZJA",37500,,Qashqai,2014,199000,Benzyna,Manualna,https://ireland.apollo.olxcdn.com:443/v1/files/ydwvk1drs86f3-PL/image;s=4032x3024
"Nissan Qashqai 1.2 DIG-T (2014) zadbany, od osoby prywatnej, OKAZJA",37500,,Qashqai,2014,199000,Benzyna,Manualna,https://ireland.apollo.olxcdn.com:443/v1/files/ydwvk1drs86f3-PL/image;s=4032x3024
BMW F10 528Ix M-Pakiet,59900,,5,2012,218,Benzyna,Automatyczna,https://ireland.apollo.olxcdn.com:443/v1/files/7fgoiw5e2h431-PL/image;s=1500x1800
BMW F10 528Ix M-Pakiet,59900,,5,2012,218,Benzyna,Automatyczna,https://ireland.apollo.olxcdn.com:443/v1/files/7fgoiw5e2h431-PL/image;s=1500x1800
Toyota Avensis T27 1.8 benzyna kombi,66850,,Avensis,2017,145750,Benzyna,Manualna,https://ireland.apollo.olxcdn.com:443/v1/files/epiut24lk0rk-PL/image;s=1000x697
Toyota Avensis T27 1.8 benzyna kombi,66850,,Avensis,2017,145750,Benzyna,Manualna,https://ireland.apollo.olxcdn.com:443/v1/files/epiut24lk0rk-PL/image;s=1000x697
BMW 340i f30 lift najlepszy silnik B58 / nie m3 335i,98500,,3,2016,160000,Benzyna,Automatyczna,https://ireland.apollo.olxcdn.com:443/v1/files/442rqrc4gup43-PL/image;s=1126x2000
BMW 340i f30 lift najlepszy silnik B58 / nie m3 335i,98500,,3,2016,160000,Benzyna,Automatyczna,https://ireland.apollo.olxcdn.com:443/v1/files/442rqrc4gup43-PL/image;s=1126x2000
PEUGEOT 208 ALLURE /automat/ hybrid/ salon / 2024rok / fa VAT 23%/,37444,,208,2024,44600,Hybryda Plug-in,Automatyczna,https://ireland.apollo.olxcdn.com:443/v1/files/2ixtf5dyyaao1-PL/image;s=1600x1200
PEUGEOT 208 ALLURE /automat/ hybrid/ salon / 2024rok / fa VAT 23%/,37444,,208,2024,44600,Hybryda Plug-in,Automatyczna,https://ireland.apollo.olxcdn.com:443/v1/files/2ixtf5dyyaao1-PL/image;s=1600x1200
KIA pro ceed 1.6 CRDI 128km,35500,,Cee'd,2014,176000,Diesel,Manualna,https://ireland.apollo.olxcdn.com:443/v1/files/fnsf2htrhyr91-PL/image;s=1600x1004
Samochód osobowy marki Renault Twingo,13900,,Twingo,2012,91394,Benzyna,Manualna,https://ireland.apollo.olxcdn.com:443/v1/files/pm1jppoyl89t2-PL/image;s=2000x2667
Samochód osobowy marki Renault Twingo,13900,,Twingo,2012,91394,Benzyna,Manualna,https://ireland.apollo.olxcdn.com:443/v1/files/pm1jppoyl89t2-PL/image;s=2000x2667
Dodge Calober 1800benzyna 150km Wersja Europejska Zadbany,17900,,Caliber,2007,170000,Benzyna,Manualna,https://ireland.apollo.olxcdn.com:443/v1/files/c1ecrim0l0b43-PL/image;s=3754x2112
Dodge Calober 1800benzyna 150km Wersja Europejska Zadbany,17900,,Caliber,2007,170000,Benzyna,Manualna,https://ireland.apollo.olxcdn.com:443/v1/files/c1ecrim0l0b43-PL/image;s=3754x2112
Suzuki Vitara 4x4 AllGrip 1.4 benzyna 2018 rok Pełne wyposażenie !,56500,,Vitara,2016,137000,Benzyna,Manualna,https://ireland.apollo.olxcdn.com:443/v1/files/185trn2xtlg1-PL/image;s=1000x751
Suzuki Vitara 4x4 AllGrip 1.4 benzyna 2018 rok Pełne wyposażenie !,56500,,Vitara,2016,137000,Benzyna,Manualna,https://ireland.apollo.olxcdn.com:443/v1/files/185trn2xtlg1-PL/image;s=1000x751
"Ford S-Max 2,0L TDCi, Lifting, 7 osób, Automat, Zadbany!",38900,,S-Max,2014,165320,Diesel,Automatyczna,https://ireland.apollo.olxcdn.com:443/v1/files/vuaa0vuo9uc23-PL/image;s=4624x2604
"Ford S-Max 2,0L TDCi, Lifting, 7 osób, Automat, Zadbany!",38900,,S-Max,2014,165320,Diesel,Automatyczna,https://ireland.apollo.olxcdn.com:443/v1/files/vuaa0vuo9uc23-PL/image;s=4624x2604
Ford Focus  2017,40000,,Focus,2017,137000,Benzyna,Automatyczna,https://ireland.apollo.olxcdn.com:443/v1/files/virgjyte7m7f3-PL/image;s=1020x765
Ford Focus  2017,40000,,Focus,2017,137000,Benzyna,Automatyczna,https://ireland.apollo.olxcdn.com:443/v1/files/virgjyte7m7f3-PL/image;s=1020x765
"Audi 80 B3. Stan b.dobry, po kapitalnym  remoncie silnika",6900,,80,1991,246000,Benzyna,Manualna,https://ireland.apollo.olxcdn.com:443/v1/files/3b8zjs3kyk042-PL/image;s=1020x471
"Audi 80 B3. Stan b.dobry, po kapitalnym  remoncie silnika",6900,,80,1991,246000,Benzyna,Manualna,https://ireland.apollo.olxcdn.com:443/v1/files/3b8zjs3kyk042-PL/image;s=1020x471
"Mazda 3 1,6 diesel oryginalny przebieg tylko 148000 km stan super",12500,,3,2009,148002,Diesel,Manualna,https://ireland.apollo.olxcdn.com:443/v1/files/wh0da9yvhqq7-PL/image;s=1500x2000
"Mazda 3 1,6 diesel oryginalny przebieg tylko 148000 km stan super",12500,,3,2009,148002,Diesel,Manualna,https://ireland.apollo.olxcdn.com:443/v1/files/wh0da9yvhqq7-PL/image;s=1500x2000
AUDI RS5 w cenie A5,61500,,A5,2010,135000,Benzyna,Automatyczna,https://ireland.apollo.olxcdn.com:443/v1/files/axcy1o57pt5g2-PL/image;s=3715x2514
AUDI RS5 w cenie A5,61500,,A5,2010,135000,Benzyna,Automatyczna,https://ireland.apollo.olxcdn.com:443/v1/files/axcy1o57pt5g2-PL/image;s=3715x2514
Sprzedam Forda Mondeo mk4,17000,,Mondeo,2012,310000,Diesel,Manualna,https://ireland.apollo.olxcdn.com:443/v1/files/lev1l2i41j2i1-PL/image;s=2000x1500
Sprzedam Forda Mondeo mk4,17000,,Mondeo,2012,310000,Diesel,Manualna,https://ireland.apollo.olxcdn.com:443/v1/files/lev1l2i41j2i1-PL/image;s=2000x1500
"Volkswagen Sharan 2.0 TDI Panorama , 7osobowy",36900,,Sharan,2010,198000,Diesel,Manualna,https://ireland.apollo.olxcdn.com:443/v1/files/0aiermti8kmg2-PL/image;s=2000x1330
"Volkswagen Sharan 2.0 TDI Panorama , 7osobowy",36900,,Sharan,2010,198000,Diesel,Manualna,https://ireland.apollo.olxcdn.com:443/v1/files/0aiermti8kmg2-PL/image;s=2000x1330
SPRZEDAM Opel insignia 1.6 Turbo Ecotec 180 Km,18000,,Insignia,2010,150000,Benzyna,Manualna,https://ireland.apollo.olxcdn.com:443/v1/files/cw2mwa5pyixv-PL/image;s=1600x739
SPRZEDAM Opel insignia 1.6 Turbo Ecotec 180 Km,18000,,Insignia,2010,150000,Benzyna,Manualna,https://ireland.apollo.olxcdn.com:443/v1/files/cw2mwa5pyixv-PL/image;s=1600x739
Mercedes Vaneo 1.6 benz/Gaz/klima,4200,,Vaneo,2002,412000,Benzyna,Manualna,https://ireland.apollo.olxcdn.com:443/v1/files/7wcy3ia4r0kj2-PL/image;s=1200x1600
Mercedes Vaneo 1.6 benz/Gaz/klima,4200,,Vaneo,2002,412000,Benzyna,Manualna,https://ireland.apollo.olxcdn.com:443/v1/files/7wcy3ia4r0kj2-PL/image;s=1200x1600
Auris 1.8 Hybryda 71 tys km Serwis Gwarancja,54900,,Auris,2016,71513,CNG i Hybryda,Automatyczna,https://ireland.apollo.olxcdn.com:443/v1/files/geu6widsruhw-PL/image;s=2000x1500
Auris 1.8 Hybryda 71 tys km Serwis Gwarancja,54900,,Auris,2016,71513,CNG i Hybryda,Automatyczna,https://ireland.apollo.olxcdn.com:443/v1/files/geu6widsruhw-PL/image;s=2000x1500
VW T4 Dehler sprzedam lub zamienie,67000,,Multivan,1991,440000,Diesel,Manualna,https://ireland.apollo.olxcdn.com:443/v1/files/9zqcs0t1svs82-PL/image;s=756x1008
VW T4 Dehler sprzedam lub zamienie,67000,,Multivan,1991,440000,Diesel,Manualna,https://ireland.apollo.olxcdn.com:443/v1/files/9zqcs0t1svs82-PL/image;s=756x1008
AUDI RS5 w cenie A5,61500,,A5,2010,135000,Benzyna,Automatyczna,https://ireland.apollo.olxcdn.com:443/v1/files/axcy1o57pt5g2-PL/image;s=3715x2514
AUDI RS5 w cenie A5,61500,,A5,2010,135000,Benzyna,Automatyczna,https://ireland.apollo.olxcdn.com:443/v1/files/axcy1o57pt5g2-PL/image;s=3715x2514
"Jeep Cherokee kj 2,5 CRD 4X4",15900,,Cherokee,2002,260000,Diesel,Manualna,https://ireland.apollo.olxcdn.com:443/v1/files/5tzv6lvczb551-PL/image;s=1024x768
"Jeep Cherokee kj 2,5 CRD 4X4",15900,,Cherokee,2002,260000,Diesel,Manualna,https://ireland.apollo.olxcdn.com:443/v1/files/5tzv6lvczb551-PL/image;s=1024x768
TOYOTA COROLLA E15 Salon Polska 1.4 D4D z 2010 roku! Ekonomiczna!,18900,,Corolla,2010,280000,Diesel,Manualna,https://ireland.apollo.olxcdn.com:443/v1/files/7ymomwx2fm7w2-PL/image;s=750x1000
TOYOTA COROLLA E15 Salon Polska 1.4 D4D z 2010 roku! Ekonomiczna!,18900,,Corolla,2010,280000,Diesel,Manualna,https://ireland.apollo.olxcdn.com:443/v1/files/7ymomwx2fm7w2-PL/image;s=750x1000
"Volkswagen Sharan 2.0 TDI Panorama , 7osobowy",36900,,Sharan,2010,198000,Diesel,Manualna,https://ireland.apollo.olxcdn.com:443/v1/files/0aiermti8kmg2-PL/image;s=2000x1330
"Volkswagen Sharan 2.0 TDI Panorama , 7osobowy",36900,,Sharan,2010,198000,Diesel,Manualna,https://ireland.apollo.olxcdn.com:443/v1/files/0aiermti8kmg2-PL/image;s=2000x1330
Ford Mondeo Mk5 lift Ford Fusion Mk5 1.5 180KM Faktura Vat,54500,,Mondeo,2019,159000,Benzyna,Automatyczna,https://ireland.apollo.olxcdn.com:443/v1/files/990lxjju98ky-PL/image;s=1824x1368
Ford Mondeo Mk5 lift Ford Fusion Mk5 1.5 180KM Faktura Vat,54500,,Mondeo,2019,159000,Benzyna,Automatyczna,https://ireland.apollo.olxcdn.com:443/v1/files/990lxjju98ky-PL/image;s=1824x1368
Audi A3 S-line 1.6 TDI 2011 tok,17500,,A3,2011,280000,Diesel,Manualna,https://ireland.apollo.olxcdn.com:443/v1/files/8qldjpgosnro2-PL/image;s=2000x1500
Audi A3 S-line 1.6 TDI 2011 tok,17500,,A3,2011,280000,Diesel,Manualna,https://ireland.apollo.olxcdn.com:443/v1/files/8qldjpgosnro2-PL/image;s=2000x1500
Volkswagen Passat B8 DSG 2.0 TDI,37800,,Passat,2015,289081,Diesel,Automatyczna,https://ireland.apollo.olxcdn.com:443/v1/files/yn5mngcvnjm31-PL/image;s=900x1092
Volkswagen Passat B8 DSG 2.0 TDI,37800,,Passat,2015,289081,Diesel,Automatyczna,https://ireland.apollo.olxcdn.com:443/v1/files/yn5mngcvnjm31-PL/image;s=900x1092
Nissann Qashqai N-Connecta 1.3 DIG-T mHEV Salon Polska 2022,93900,,Qashqai,2021,70900,Benzyna,Manualna,https://ireland.apollo.olxcdn.com:443/v1/files/g427z5y0v949-PL/image;s=1024x768
Nissann Qashqai N-Connecta 1.3 DIG-T mHEV Salon Polska 2022,93900,,Qashqai,2021,70900,Benzyna,Manualna,https://ireland.apollo.olxcdn.com:443/v1/files/g427z5y0v949-PL/image;s=1024x768
Ford Capri V6 Rs  (prawdziwy nie EV),39000,,Capri,1980,333,Benzyna,Manualna,https://ireland.apollo.olxcdn.com:443/v1/files/3wn75r33dr423-PL/image;s=1079x1712
Ford Capri V6 Rs  (prawdziwy nie EV),39000,,Capri,1980,333,Benzyna,Manualna,https://ireland.apollo.olxcdn.com:443/v1/files/3wn75r33dr423-PL/image;s=1079x1712
Renault Laguna III 2008r,19500,,Laguna,2008,234600,Benzyna,Manualna,https://ireland.apollo.olxcdn.com:443/v1/files/bk92f59deaf9-PL/image;s=2000x1125
Renault Laguna III 2008r,19500,,Laguna,2008,234600,Benzyna,Manualna,https://ireland.apollo.olxcdn.com:443/v1/files/bk92f59deaf9-PL/image;s=2000x1125
Sprzedam subaru imprezę WRX,25000,,Impreza,2004,215000,Benzyna,Manualna,https://ireland.apollo.olxcdn.com:443/v1/files/ogt2til9cgzg3-PL/image;s=1368x1824
Sprzedam subaru imprezę WRX,25000,,Impreza,2004,215000,Benzyna,Manualna,https://ireland.apollo.olxcdn.com:443/v1/files/ogt2til9cgzg3-PL/image;s=1368x1824
"Mazda 3 1,6 diesel oryginalny przebieg tylko 148000 km stan super",12500,,3,2009,148002,Diesel,Manualna,https://ireland.apollo.olxcdn.com:443/v1/files/wh0da9yvhqq7-PL/image;s=1500x2000
"Mazda 3 1,6 diesel oryginalny przebieg tylko 148000 km stan super",12500,,3,2009,148002,Diesel,Manualna,https://ireland.apollo.olxcdn.com:443/v1/files/wh0da9yvhqq7-PL/image;s=1500x2000
Seat Leon 2.0 TDI FR Super Stan,37700,,Leon,2015,280000,Diesel,Automatyczna,https://ireland.apollo.olxcdn.com:443/v1/files/nf0ebmwqcnvd3-PL/image;s=1008x756
Seat Leon 2.0 TDI FR Super Stan,37700,,Leon,2015,280000,Diesel,Automatyczna,https://ireland.apollo.olxcdn.com:443/v1/files/nf0ebmwqcnvd3-PL/image;s=1008x756
golf 6 1.4 16v gaz,11500,,Golf,2009,295000,LPG,Manualna,https://ireland.apollo.olxcdn.com:443/v1/files/04f37615yyux1-PL/image;s=2000x1500
golf 6 1.4 16v gaz,11500,,Golf,2009,295000,LPG,Manualna,https://ireland.apollo.olxcdn.com:443/v1/files/04f37615yyux1-PL/image;s=2000x1500
Sprzedam Ford Mondeo 2015r,32900,,Mondeo,2015,252000,Diesel,Manualna,https://ireland.apollo.olxcdn.com:443/v1/files/qi72oeq9450c1-PL/image;s=2048x1536
Sprzedam Ford Mondeo 2015r,32900,,Mondeo,2015,252000,Diesel,Manualna,https://ireland.apollo.olxcdn.com:443/v1/files/qi72oeq9450c1-PL/image;s=2048x1536
Renault Trafic Evado. Jedyny taki w Polsce i nieliczny w Europie !!!,89900,,Trafic,2014,157000,Diesel,Manualna,https://ireland.apollo.olxcdn.com:443/v1/files/wx1k72dslevn2-PL/image;s=2000x1502
Renault Trafic Evado. Jedyny taki w Polsce i nieliczny w Europie !!!,89900,,Trafic,2014,157000,Diesel,Manualna,https://ireland.apollo.olxcdn.com:443/v1/files/wx1k72dslevn2-PL/image;s=2000x1502
Salonowy Mitsubishi Colt GT - 102 tys km przebiegu,8900,,Colt,2007,102000,Benzyna,Manualna,https://ireland.apollo.olxcdn.com:443/v1/files/1yhe7w04eta6-PL/image;s=4000x3000
Salonowy Mitsubishi Colt GT - 102 tys km przebiegu,8900,,Colt,2007,102000,Benzyna,Manualna,https://ireland.apollo.olxcdn.com:443/v1/files/1yhe7w04eta6-PL/image;s=4000x3000
BMW E39 530D Touring M-pakiet,32900,,5,2003,332000,Diesel,Automatyczna,https://ireland.apollo.olxcdn.com:443/v1/files/mf6ik5175hkw1-PL/image;s=1000x750
BMW E39 530D Touring M-pakiet,32900,,5,2003,332000,Diesel,Automatyczna,https://ireland.apollo.olxcdn.com:443/v1/files/mf6ik5175hkw1-PL/image;s=1000x750
BMW E91 Diesel 2.0 OC/Assistance,18000,,3,2010,270000,Diesel,Manualna,https://ireland.apollo.olxcdn.com:443/v1/files/yvre7ko8kymv1-PL/image;s=1008x454
BMW E91 Diesel 2.0 OC/Assistance,18000,,3,2010,270000,Diesel,Manualna,https://ireland.apollo.olxcdn.com:443/v1/files/yvre7ko8kymv1-PL/image;s=1008x454
Ford Ranger 3.2 TDCi E6 3.2t Wildtrak,129000,,Ranger,2019,134500,Diesel,Automatyczna,https://ireland.apollo.olxcdn.com:443/v1/files/y9ynxbxl3n8u1-PL/image;s=4608x2592
Ford Ranger 3.2 TDCi E6 3.2t Wildtrak,129000,,Ranger,2019,134500,Diesel,Automatyczna,https://ireland.apollo.olxcdn.com:443/v1/files/y9ynxbxl3n8u1-PL/image;s=4608x2592
Ford Focus 1.6 Tdci 90km. 2007r. Klimatyzacaja.,4900,,Focus,2007,307000,Diesel,Manualna,https://ireland.apollo.olxcdn.com:443/v1/files/u5s1hltkgthy-PL/image;s=1000x750
Ford Focus 1.6 Tdci 90km. 2007r. Klimatyzacaja.,4900,,Focus,2007,307000,Diesel,Manualna,https://ireland.apollo.olxcdn.com:443/v1/files/u5s1hltkgthy-PL/image;s=1000x750
"Fiat Panda 1.2 69KM, Krajowa, Niski Przebieg 87tys !!!",26900,,Panda,2015,87000,Benzyna,Manualna,https://ireland.apollo.olxcdn.com:443/v1/files/gmkt8h435eqi1-PL/image;s=1240x930
"Fiat Panda 1.2 69KM, Krajowa, Niski Przebieg 87tys !!!",26900,,Panda,2015,87000,Benzyna,Manualna,https://ireland.apollo.olxcdn.com:443/v1/files/gmkt8h435eqi1-PL/image;s=1240x930
Mercedes - Benz Sprinter,22140,,Mercedes,2001,212559,Diesel,Automatyczna,https://ireland.apollo.olxcdn.com:443/v1/files/recng02mhyza3-PL/image;s=1530x2040
Mercedes - Benz Sprinter,22140,,Mercedes,2001,212559,Diesel,Automatyczna,https://ireland.apollo.olxcdn.com:443/v1/files/recng02mhyza3-PL/image;s=1530x2040
Volkswagen Golf Plus 2008 – LPG – Serwisowany – Zadbany!,16900,,Plus,2008,235500,LPG,Manualna,https://ireland.apollo.olxcdn.com:443/v1/files/k2sfiao2uyi33-PL/image;s=2048x1536
Volkswagen Golf Plus 2008 – LPG – Serwisowany – Zadbany!,16900,,Plus,2008,235500,LPG,Manualna,https://ireland.apollo.olxcdn.com:443/v1/files/k2sfiao2uyi33-PL/image;s=2048x1536
Chevrolet G20 Van Explorer Limited 1993 5.7  Tbi  Salonka AIRRIDE,92000,,Chevrolet,1993,190000,Benzyna,Automatyczna,https://ireland.apollo.olxcdn.com:443/v1/files/fzobbscq7a601-PL/image;s=901x960
Chevrolet G20 Van Explorer Limited 1993 5.7  Tbi  Salonka AIRRIDE,92000,,Chevrolet,1993,190000,Benzyna,Automatyczna,https://ireland.apollo.olxcdn.com:443/v1/files/fzobbscq7a601-PL/image;s=901x960
Grand Vitara 1.9ddis,18000,,Vitara,2006,260000,Diesel,Manualna,https://ireland.apollo.olxcdn.com:443/v1/files/5k5hgaskyr6j3-PL/image;s=2000x1500
Grand Vitara 1.9ddis,18000,,Vitara,2006,260000,Diesel,Manualna,https://ireland.apollo.olxcdn.com:443/v1/files/5k5hgaskyr6j3-PL/image;s=2000x1500
"Toyota LandCruiser J200, poj.4.5, V8, 286kM, 2010r, przebieg 296000 km",109900,,Cruiser,2010,296000,Diesel,Automatyczna,https://ireland.apollo.olxcdn.com:443/v1/files/8b00i9nr9jk81-PL/image;s=1000x750
"Toyota LandCruiser J200, poj.4.5, V8, 286kM, 2010r, przebieg 296000 km",109900,,Cruiser,2010,296000,Diesel,Automatyczna,https://ireland.apollo.olxcdn.com:443/v1/files/8b00i9nr9jk81-PL/image;s=1000x750
Sprzedam samochód,11500,,A4,2003,346,LPG,Manualna,https://ireland.apollo.olxcdn.com:443/v1/files/79pgv0yl6fv8-PL/image;s=1496x2000
Sprzedam samochód,11500,,A4,2003,346,LPG,Manualna,https://ireland.apollo.olxcdn.com:443/v1/files/79pgv0yl6fv8-PL/image;s=1496x2000
"Kia Rio 1.2 84KM, Krajowa, 1Właściciel, Przebieg 38tys, Stan Salonowy",35900,,Rio,2015,38000,Benzyna,Manualna,https://ireland.apollo.olxcdn.com:443/v1/files/wba9i7lqnmch1-PL/image;s=4000x3000
"Kia Rio 1.2 84KM, Krajowa, 1Właściciel, Przebieg 38tys, Stan Salonowy",35900,,Rio,2015,38000,Benzyna,Manualna,https://ireland.apollo.olxcdn.com:443/v1/files/wba9i7lqnmch1-PL/image;s=4000x3000
VW Golf 6 Plus 1.6 TDI DSG Alcantara,26900,,Plus,2011,230000,Diesel,Automatyczna,https://ireland.apollo.olxcdn.com:443/v1/files/6tfk397mgxk32-PL/image;s=750x1000
VW Golf 6 Plus 1.6 TDI DSG Alcantara,26900,,Plus,2011,230000,Diesel,Automatyczna,https://ireland.apollo.olxcdn.com:443/v1/files/6tfk397mgxk32-PL/image;s=750x1000
Citroen C1 2019 Automat,29999,,C1,2019,47308,Benzyna,Automatyczna,https://ireland.apollo.olxcdn.com:443/v1/files/q4kde8pkk23m-PL/image;s=1000x724
Citroen C1 2019 Automat,29999,,C1,2019,47308,Benzyna,Automatyczna,https://ireland.apollo.olxcdn.com:443/v1/files/q4kde8pkk23m-PL/image;s=1000x724
Hyundai i30 1.4 blue,14900,,i30,2010,171100,Benzyna,Manualna,https://ireland.apollo.olxcdn.com:443/v1/files/fm31hgv57lq6-PL/image;s=1000x750
Hyundai i30 1.4 blue,14900,,i30,2010,171100,Benzyna,Manualna,https://ireland.apollo.olxcdn.com:443/v1/files/fm31hgv57lq6-PL/image;s=1000x750
Bmw seria 5 xdrive webasto,58000,,5,2015,230000,Diesel,Automatyczna,https://ireland.apollo.olxcdn.com:443/v1/files/59207qwxc4ta1-PL/image;s=768x1024
Bmw seria 5 xdrive webasto,58000,,5,2015,230000,Diesel,Automatyczna,https://ireland.apollo.olxcdn.com:443/v1/files/59207qwxc4ta1-PL/image;s=768x1024
Suzuki vitara 2.0 v6 long,19500,,Vitara,1997,234000,LPG,Manualna,https://ireland.apollo.olxcdn.com:443/v1/files/gfjp8gwhr1gq1-PL/image;s=3024x4032
Suzuki vitara 2.0 v6 long,19500,,Vitara,1997,234000,LPG,Manualna,https://ireland.apollo.olxcdn.com:443/v1/files/gfjp8gwhr1gq1-PL/image;s=3024x4032
"Fiat Uno 1,0 LPG  2000 rok",7000,,Uno,2000,121000,LPG,Manualna,https://ireland.apollo.olxcdn.com:443/v1/files/im7xevnhahtt3-PL/image;s=4000x2252
"Fiat Uno 1,0 LPG  2000 rok",7000,,Uno,2000,121000,LPG,Manualna,https://ireland.apollo.olxcdn.com:443/v1/files/im7xevnhahtt3-PL/image;s=4000x2252
Yaris 1.5 Hybrid / automat / polski salon / Faktura,55000,,Yaris,2022,145000,CNG i Hybryda,Automatyczna,https://ireland.apollo.olxcdn.com:443/v1/files/5s4kzu3hltcf2-PL/image;s=1500x1000
Yaris 1.5 Hybrid / automat / polski salon / Faktura,55000,,Yaris,2022,145000,CNG i Hybryda,Automatyczna,https://ireland.apollo.olxcdn.com:443/v1/files/5s4kzu3hltcf2-PL/image;s=1500x1000
Mercedes ML W166 Faktura VAT,79000,,Klasa,2011,240000,Diesel,Automatyczna,https://ireland.apollo.olxcdn.com:443/v1/files/hthppgczlmux1-PL/image;s=2000x1500
Mercedes ML W166 Faktura VAT,79000,,Klasa,2011,240000,Diesel,Automatyczna,https://ireland.apollo.olxcdn.com:443/v1/files/hthppgczlmux1-PL/image;s=2000x1500
Toyota Gr Yaris Kjs Rajdy,369000,,Yaris,2022,16000,Benzyna,Manualna,https://ireland.apollo.olxcdn.com:443/v1/files/ai9kiqnm059v2-PL/image;s=1080x1080
Toyota Gr Yaris Kjs Rajdy,369000,,Yaris,2022,16000,Benzyna,Manualna,https://ireland.apollo.olxcdn.com:443/v1/files/ai9kiqnm059v2-PL/image;s=1080x1080
Mercedes W163 Ml400 CDI lift 2002r HAK  Możliwa Zamiana,17800,,Klasa,2002,302680,Diesel,Automatyczna,https://ireland.apollo.olxcdn.com:443/v1/files/s8gcfzcszjnd2-PL/image;s=2000x2667
Mercedes W163 Ml400 CDI lift 2002r HAK  Możliwa Zamiana,17800,,Klasa,2002,302680,Diesel,Automatyczna,https://ireland.apollo.olxcdn.com:443/v1/files/s8gcfzcszjnd2-PL/image;s=2000x2667
Cesja leasingu bez odstepnego  Audi Q5 204 KM  quattro,121835,,Q5,2022,82000,Diesel,Automatyczna,https://ireland.apollo.olxcdn.com:443/v1/files/byiyjheyk0jh2-PL/image;s=750x1000
Cesja leasingu bez odstepnego  Audi Q5 204 KM  quattro,121835,,Q5,2022,82000,Diesel,Automatyczna,https://ireland.apollo.olxcdn.com:443/v1/files/byiyjheyk0jh2-PL/image;s=750x1000
Peugeot 208 benzynka 72tys km!,24900,,208,2016,72000,Benzyna,Manualna,https://ireland.apollo.olxcdn.com:443/v1/files/rk04whma8n9w1-PL/image;s=2000x1500
Peugeot 208 benzynka 72tys km!,24900,,208,2016,72000,Benzyna,Manualna,https://ireland.apollo.olxcdn.com:443/v1/files/rk04whma8n9w1-PL/image;s=2000x1500
Fiat Multipla w bardzo dobrym stanie.,119000,,600,1958,10,Benzyna,Manualna,https://ireland.apollo.olxcdn.com:443/v1/files/2i628upzlv6g1-PL/image;s=1599x1200
Fiat Multipla w bardzo dobrym stanie.,119000,,600,1958,10,Benzyna,Manualna,https://ireland.apollo.olxcdn.com:443/v1/files/2i628upzlv6g1-PL/image;s=1599x1200
TOP -Ford Mondeo MK5 -2.0TDCi 150KM- Czyt. Znaków -Asyst. Pasa- Klima!,32900,,Mondeo,2015,210000,Diesel,Manualna,https://ireland.apollo.olxcdn.com:443/v1/files/g4qp5seugq2e3-PL/image;s=2000x1500
TOP -Ford Mondeo MK5 -2.0TDCi 150KM- Czyt. Znaków -Asyst. Pasa- Klima!,32900,,Mondeo,2015,210000,Diesel,Manualna,https://ireland.apollo.olxcdn.com:443/v1/files/g4qp5seugq2e3-PL/image;s=2000x1500
Ford Escape (kuga) 2017r. Imstalacja gazowa,55500,,Escape,2017,137800,Benzyna,Automatyczna,https://ireland.apollo.olxcdn.com:443/v1/files/9ivn1g5em6n9-PL/image;s=563x1000
Ford Escape (kuga) 2017r. Imstalacja gazowa,55500,,Escape,2017,137800,Benzyna,Automatyczna,https://ireland.apollo.olxcdn.com:443/v1/files/9ivn1g5em6n9-PL/image;s=563x1000
Biała Bmw X6 E71 2010r z 3-litrowym silnikiem 306KM,53000,,X6,2010,315000,Diesel,Automatyczna,https://ireland.apollo.olxcdn.com:443/v1/files/qtswb3g5krfg3-PL/image;s=1000x667
Biała Bmw X6 E71 2010r z 3-litrowym silnikiem 306KM,53000,,X6,2010,315000,Diesel,Automatyczna,https://ireland.apollo.olxcdn.com:443/v1/files/qtswb3g5krfg3-PL/image;s=1000x667
Mini Cooper one D klima seven,6300,,Cooper,2005,180123,Diesel,Manualna,https://ireland.apollo.olxcdn.com:443/v1/files/pl04zqxb3iok1-PL/image;s=1024x768
Mini Cooper one D klima seven,6300,,Cooper,2005,180123,Diesel,Manualna,https://ireland.apollo.olxcdn.com:443/v1/files/pl04zqxb3iok1-PL/image;s=1024x768
Peugeot Partner niski przebieg,28000,,Partner,2017,130000,Diesel,Manualna,https://ireland.apollo.olxcdn.com:443/v1/files/9tssdnpekahp-PL/image;s=1386x924
Peugeot Partner niski przebieg,28000,,Partner,2017,130000,Diesel,Manualna,https://ireland.apollo.olxcdn.com:443/v1/files/9tssdnpekahp-PL/image;s=1386x924
Chevrolet Orlando 2.0 d 7 osobowy,12900,,Orlando,2013,213000,Diesel,Manualna,https://ireland.apollo.olxcdn.com:443/v1/files/yxt3q066sjz33-PL/image;s=1600x1200
Chevrolet Orlando 2.0 d 7 osobowy,12900,,Orlando,2013,213000,Diesel,Manualna,https://ireland.apollo.olxcdn.com:443/v1/files/yxt3q066sjz33-PL/image;s=1600x1200
Renault traffic 2012 9 os long hak,35000,,Trafic,2012,410000,Diesel,Manualna,https://ireland.apollo.olxcdn.com:443/v1/files/0clg2ficsx8d-PL/image;s=559x1000
Renault traffic 2012 9 os long hak,35000,,Trafic,2012,410000,Diesel,Manualna,https://ireland.apollo.olxcdn.com:443/v1/files/0clg2ficsx8d-PL/image;s=559x1000
Toyota Auris 1.33VVTI 100KM~Niski Przebieg~Bezwypadkowa~Zadbana~Alu~,33400,,Auris,2013,140000,Benzyna,Manualna,https://ireland.apollo.olxcdn.com:443/v1/files/lfvfyewi4wcv3-PL/image;s=1558x1060
Toyota Auris 1.33VVTI 100KM~Niski Przebieg~Bezwypadkowa~Zadbana~Alu~,33400,,Auris,2013,140000,Benzyna,Manualna,https://ireland.apollo.olxcdn.com:443/v1/files/lfvfyewi4wcv3-PL/image;s=1558x1060
Honda HR-V okazja,53999,,HR-V,2016,99000,Benzyna,Automatyczna,https://ireland.apollo.olxcdn.com:443/v1/files/5hw20mgn5xqf-PL/image;s=1000x751
Honda HR-V okazja,53999,,HR-V,2016,99000,Benzyna,Automatyczna,https://ireland.apollo.olxcdn.com:443/v1/files/5hw20mgn5xqf-PL/image;s=1000x751
Honda CRV 2.0 benzyna 2008 rok,27500,,CR-V,2008,260000,Benzyna,Automatyczna,https://ireland.apollo.olxcdn.com:443/v1/files/wuhvnw9bx7lj2-PL/image;s=2000x1500
Honda CRV 2.0 benzyna 2008 rok,27500,,CR-V,2008,260000,Benzyna,Automatyczna,https://ireland.apollo.olxcdn.com:443/v1/files/wuhvnw9bx7lj2-PL/image;s=2000x1500
BMW X4 F26 335D|3.0D 315KM Bi-turbo|M-Pakiet|Full Opcja|Full LED|2016,87500,,X4,2016,216000,Diesel,Automatyczna,https://ireland.apollo.olxcdn.com:443/v1/files/e1fu466mqdxi3-PL/image;s=1661x1661
BMW X4 F26 335D|3.0D 315KM Bi-turbo|M-Pakiet|Full Opcja|Full LED|2016,87500,,X4,2016,216000,Diesel,Automatyczna,https://ireland.apollo.olxcdn.com:443/v1/files/e1fu466mqdxi3-PL/image;s=1661x1661
Toyota rav4 raw4,59000,,RAV-4,2013,160000,Benzyna,Manualna,https://ireland.apollo.olxcdn.com:443/v1/files/l9z1aqb0jdfv-PL/image;s=1598x966
Toyota rav4 raw4,59000,,RAV-4,2013,160000,Benzyna,Manualna,https://ireland.apollo.olxcdn.com:443/v1/files/l9z1aqb0jdfv-PL/image;s=1598x966
Volkswagen Passat B8 2016r. R-Line 2.0 TDI 190 KM |168 000 km|Top LED|,59000,,Passat,2016,168000,Diesel,Manualna,https://ireland.apollo.olxcdn.com:443/v1/files/h0vpuerime4c2-PL/image;s=3024x4032
Volkswagen Passat B8 2016r. R-Line 2.0 TDI 190 KM |168 000 km|Top LED|,59000,,Passat,2016,168000,Diesel,Manualna,https://ireland.apollo.olxcdn.com:443/v1/files/h0vpuerime4c2-PL/image;s=3024x4032
Opel Crossland X 1.2 benzyna,38900,,X,2017,137500,Benzyna,Manualna,https://ireland.apollo.olxcdn.com:443/v1/files/66g35zibidrm1-PL/image;s=1600x1200
Opel Crossland X 1.2 benzyna,38900,,X,2017,137500,Benzyna,Manualna,https://ireland.apollo.olxcdn.com:443/v1/files/66g35zibidrm1-PL/image;s=1600x1200
Audi a5 sline quattro polski salon,77500,,A5,2013,191000,Benzyna,Automatyczna,https://ireland.apollo.olxcdn.com:443/v1/files/pezzb83b4b2-PL/image;s=1008x465
Audi a5 sline quattro polski salon,77500,,A5,2013,191000,Benzyna,Automatyczna,https://ireland.apollo.olxcdn.com:443/v1/files/pezzb83b4b2-PL/image;s=1008x465
"FIAT 500, Atrakcyjny !!! Proszę doczytać opis auta",16000,,500,2008,174940,Benzyna,Manualna,https://ireland.apollo.olxcdn.com:443/v1/files/hqr7u2o2dlnu-PL/image;s=1020x768
"FIAT 500, Atrakcyjny !!! Proszę doczytać opis auta",16000,,500,2008,174940,Benzyna,Manualna,https://ireland.apollo.olxcdn.com:443/v1/files/hqr7u2o2dlnu-PL/image;s=1020x768
Volkswagen Golf Plus 2008 – LPG – Serwisowany – Zadbany!,16900,,Plus,2008,235500,LPG,Manualna,https://ireland.apollo.olxcdn.com:443/v1/files/k2sfiao2uyi33-PL/image;s=2048x1536
Volkswagen Golf Plus 2008 – LPG – Serwisowany – Zadbany!,16900,,Plus,2008,235500,LPG,Manualna,https://ireland.apollo.olxcdn.com:443/v1/files/k2sfiao2uyi33-PL/image;s=2048x1536
BMW e46 2.8i KJS/Drift,20900,,3,2000,220000,Benzyna,Manualna,https://ireland.apollo.olxcdn.com:443/v1/files/pmseticoxmb92-PL/image;s=1000x750
BMW e46 2.8i KJS/Drift,20900,,3,2000,220000,Benzyna,Manualna,https://ireland.apollo.olxcdn.com:443/v1/files/pmseticoxmb92-PL/image;s=1000x750
Peugeot 508 skóra xenon klima pierwszy właściciel 2.0hdi 163kn,34500,,508,2011,169000,Diesel,Manualna,https://ireland.apollo.olxcdn.com:443/v1/files/qvt2c5c85o0g2-PL/image;s=1200x1600
Peugeot 508 skóra xenon klima pierwszy właściciel 2.0hdi 163kn,34500,,508,2011,169000,Diesel,Manualna,https://ireland.apollo.olxcdn.com:443/v1/files/qvt2c5c85o0g2-PL/image;s=1200x1600
SKODA FABIA III FL 2020r 1.0 TSI Salon Polska,34900,,Fabia,2020,145000,Benzyna,Manualna,https://ireland.apollo.olxcdn.com:443/v1/files/iwskdp63zn6r-PL/image;s=4032x3024
SKODA FABIA III FL 2020r 1.0 TSI Salon Polska,34900,,Fabia,2020,145000,Benzyna,Manualna,https://ireland.apollo.olxcdn.com:443/v1/files/iwskdp63zn6r-PL/image;s=4032x3024
"Skoda Octavia Lift!1.6 Mpi+Gaz Gaz sekw!Salon Polska ,zadbana!2009r",20900,,Octavia,2009,270000,LPG,Manualna,https://ireland.apollo.olxcdn.com:443/v1/files/d6pgmi1yuax31-PL/image;s=2000x924
"Skoda Octavia Lift!1.6 Mpi+Gaz Gaz sekw!Salon Polska ,zadbana!2009r",20900,,Octavia,2009,270000,LPG,Manualna,https://ireland.apollo.olxcdn.com:443/v1/files/d6pgmi1yuax31-PL/image;s=2000x924
Audi A4 B6 1.9tdi - Niezawodny - okazja - Tanio - warty.,4999,,A4,2001,358000,Diesel,Manualna,https://ireland.apollo.olxcdn.com:443/v1/files/yb0v6jrypm3f-PL/image;s=1600x1200
Audi A4 B6 1.9tdi - Niezawodny - okazja - Tanio - warty.,4999,,A4,2001,358000,Diesel,Manualna,https://ireland.apollo.olxcdn.com:443/v1/files/yb0v6jrypm3f-PL/image;s=1600x1200
VW New Beetle Cabrio 2005 1.9 TDI,13900,,Beetle,2005,170000,Diesel,Manualna,https://ireland.apollo.olxcdn.com:443/v1/files/8sg3iq9sjw1m2-PL/image;s=2000x1500
VW New Beetle Cabrio 2005 1.9 TDI,13900,,Beetle,2005,170000,Diesel,Manualna,https://ireland.apollo.olxcdn.com:443/v1/files/8sg3iq9sjw1m2-PL/image;s=2000x1500
Volvo xc60 2.4 D AWD,36000,,60,2009,254000,Diesel,Automatyczna,https://ireland.apollo.olxcdn.com:443/v1/files/enix0gru4xxx-PL/image;s=1496x1496
Volvo xc60 2.4 D AWD,36000,,60,2009,254000,Diesel,Automatyczna,https://ireland.apollo.olxcdn.com:443/v1/files/enix0gru4xxx-PL/image;s=1496x1496
Opel Corsa 1.4 benzyna,25000,,Corsa,2017,130000,Benzyna,Manualna,https://ireland.apollo.olxcdn.com:443/v1/files/cklpmqtnbtki1-PL/image;s=1008x756
Opel Corsa 1.4 benzyna,25000,,Corsa,2017,130000,Benzyna,Manualna,https://ireland.apollo.olxcdn.com:443/v1/files/cklpmqtnbtki1-PL/image;s=1008x756
Skoda Octavia Vrs serwisowana,59900,,Octavia,2018,279000,Benzyna,Manualna,https://ireland.apollo.olxcdn.com:443/v1/files/bu6ogpniqgxs-PL/image;s=1448x1086
Skoda Octavia Vrs serwisowana,59900,,Octavia,2018,279000,Benzyna,Manualna,https://ireland.apollo.olxcdn.com:443/v1/files/bu6ogpniqgxs-PL/image;s=1448x1086
Opel Corsa D 2008r. 1.4 GAZ LPG klima elektryka,6900,,Corsa,2008,210000,LPG,Manualna,https://ireland.apollo.olxcdn.com:443/v1/files/0ohtmduaep94-PL/image;s=2000x1500
Opel Corsa D 2008r. 1.4 GAZ LPG klima elektryka,6900,,Corsa,2008,210000,LPG,Manualna,https://ireland.apollo.olxcdn.com:443/v1/files/0ohtmduaep94-PL/image;s=2000x1500
Mercedes Benz B klasa b 180 W246 niski orginalny przebieg,36900,,Klasa,2014,131500,Diesel,Automatyczna,https://ireland.apollo.olxcdn.com:443/v1/files/3f0gwh5im1db2-PL/image;s=1000x750
Mercedes Benz B klasa b 180 W246 niski orginalny przebieg,36900,,Klasa,2014,131500,Diesel,Automatyczna,https://ireland.apollo.olxcdn.com:443/v1/files/3f0gwh5im1db2-PL/image;s=1000x750
Renault Espace 2.0 LPG,9900,,Espace,2003,215000,LPG,Manualna,https://ireland.apollo.olxcdn.com:443/v1/files/zy1riy7b6lov2-PL/image;s=867x1156
Renault Espace 2.0 LPG,9900,,Espace,2003,215000,LPG,Manualna,https://ireland.apollo.olxcdn.com:443/v1/files/zy1riy7b6lov2-PL/image;s=867x1156
Volkswagen Touran 2.0 TDi 140KM Manual Clima,8500,,Touran,2005,244000,Diesel,Manualna,https://ireland.apollo.olxcdn.com:443/v1/files/h1wlpo70vmqr3-PL/image;s=1000x751
Volkswagen Touran 2.0 TDi 140KM Manual Clima,8500,,Touran,2005,244000,Diesel,Manualna,https://ireland.apollo.olxcdn.com:443/v1/files/h1wlpo70vmqr3-PL/image;s=1000x751
Golf V Panorama PDC Klima Skrzynia 6 Hak,12900,,Golf,2007,200,Benzyna,Manualna,https://ireland.apollo.olxcdn.com:443/v1/files/q0z8sg16o5i02-PL/image;s=1000x750
Golf V Panorama PDC Klima Skrzynia 6 Hak,12900,,Golf,2007,200,Benzyna,Manualna,https://ireland.apollo.olxcdn.com:443/v1/files/q0z8sg16o5i02-PL/image;s=1000x750
Hyundai i20 używany,17500,,i20,2015,230000,Benzyna,Manualna,https://ireland.apollo.olxcdn.com:443/v1/files/3gej5h8k8i951-PL/image;s=1536x2048
Hyundai i20 używany,17500,,i20,2015,230000,Benzyna,Manualna,https://ireland.apollo.olxcdn.com:443/v1/files/3gej5h8k8i951-PL/image;s=1536x2048
Bmw 630i e64 cabrio Anglik,13900,,6,2006,200000,Benzyna,Automatyczna,https://ireland.apollo.olxcdn.com:443/v1/files/gqmrxu0fi7bp1-PL/image;s=1008x454
Bmw 630i e64 cabrio Anglik,13900,,6,2006,200000,Benzyna,Automatyczna,https://ireland.apollo.olxcdn.com:443/v1/files/gqmrxu0fi7bp1-PL/image;s=1008x454
Chevrolet Cruze 2.0d|2010rok|220tys|Hak|Skóra|Duza Nawigacja |Okazja,8900,,Cruze,2010,221100,Diesel,Manualna,https://ireland.apollo.olxcdn.com:443/v1/files/7nhxf0zcd18c3-PL/image;s=4032x3024
Chevrolet Cruze 2.0d|2010rok|220tys|Hak|Skóra|Duza Nawigacja |Okazja,8900,,Cruze,2010,221100,Diesel,Manualna,https://ireland.apollo.olxcdn.com:443/v1/files/7nhxf0zcd18c3-PL/image;s=4032x3024
Toyota Auris 2007 z uwagi na duże zainteresowanie cena beż negocjacji!,5000,,Auris,2007,260000,Diesel,Manualna,https://ireland.apollo.olxcdn.com:443/v1/files/p2yo5xig0fk1-PL/image;s=1200x1600
Toyota Auris 2007 z uwagi na duże zainteresowanie cena beż negocjacji!,5000,,Auris,2007,260000,Diesel,Manualna,https://ireland.apollo.olxcdn.com:443/v1/files/p2yo5xig0fk1-PL/image;s=1200x1600
"Citroen Berlingo Niski Przebieg,LED,Kamera,Duży dotykowy wyświetlacz",69000,,Berlingo,2021,32000,Diesel,Manualna,https://ireland.apollo.olxcdn.com:443/v1/files/0v741oafm2xe-PL/image;s=1152x768
"Citroen Berlingo Niski Przebieg,LED,Kamera,Duży dotykowy wyświetlacz",69000,,Berlingo,2021,32000,Diesel,Manualna,https://ireland.apollo.olxcdn.com:443/v1/files/0v741oafm2xe-PL/image;s=1152x768
"Opel Astra 1.4 140KM + GAZ, 1 Właściciel, Rej 2016r, Krajowa, Stan Bdb",32900,,Astra,2015,160000,LPG,Manualna,https://ireland.apollo.olxcdn.com:443/v1/files/l1omn6mno2ex2-PL/image;s=4000x3000
"Opel Astra 1.4 140KM + GAZ, 1 Właściciel, Rej 2016r, Krajowa, Stan Bdb",32900,,Astra,2015,160000,LPG,Manualna,https://ireland.apollo.olxcdn.com:443/v1/files/l1omn6mno2ex2-PL/image;s=4000x3000
Seat Altea 1.6 MPI 105koni!!! Zadbany!!!,4600,,Altea,2004,270000,Benzyna,Manualna,https://ireland.apollo.olxcdn.com:443/v1/files/u3mvkp6sh4bj2-PL/image;s=1020x574
Seat Altea 1.6 MPI 105koni!!! Zadbany!!!,4600,,Altea,2004,270000,Benzyna,Manualna,https://ireland.apollo.olxcdn.com:443/v1/files/u3mvkp6sh4bj2-PL/image;s=1020x574
mitsubishi pajero,26000,,Sport,1999,175000,Diesel,Manualna,https://ireland.apollo.olxcdn.com:443/v1/files/f8qu0d1h3l8v2-PL/image;s=1536x2048
mitsubishi pajero,26000,,Sport,1999,175000,Diesel,Manualna,https://ireland.apollo.olxcdn.com:443/v1/files/f8qu0d1h3l8v2-PL/image;s=1536x2048
Mazda 3 2.2 diesel 150koni,26900,,3,2015,159400,Diesel,Manualna,https://ireland.apollo.olxcdn.com:443/v1/files/cxl2omp3ebur2-PL/image;s=4000x3000
Mazda 3 2.2 diesel 150koni,26900,,3,2015,159400,Diesel,Manualna,https://ireland.apollo.olxcdn.com:443/v1/files/cxl2omp3ebur2-PL/image;s=4000x3000
